id,question,answer,TRUE,FALSE,,,,,,
1_cn,Describe this image in detail,"The image features a simplistic, hand-drawn, cartoon-style face. The face has exaggerated features: squinting eyes, raised eyebrows, and a smirk. The character is making a gesture with its hand, pointing to the side or possibly behind itself. The gesture appears playful or cheeky, complementing the smirking expression on the face. Below the drawing, there is Chinese text that reads ""呵呵, 我要开始发疯了"", which translates to ""Hehe, I'm about to go crazy.""",0,1,1,,,,,
1_cn,Why is this picture funny?,"The humor in the picture arises from several elements:

Exaggerated Facial Expression: The character's exaggerated squinting eyes, raised eyebrows, and smirking mouth give it a cheeky appearance, as if it's up to something mischievous or has just pulled off a prank.

Gesture: The pointing gesture complements the facial expression, adding to the playful and mischievous vibe.

Contrast with the Text: The text ""呵呵, 我要开始发疯了"" translates to ""Hehe, I'm about to go crazy."" This statement, combined with the character's calm and smug appearance, creates an ironic contrast. The character looks too composed and cheeky to be ""going crazy"", which adds an element of surprise and humor.

Relatability: The combination of the character's expression and the text might resonate with people who have been in situations where they pretend to be calm or cheeky on the outside but feel overwhelmed or ""crazy"" on the inside. The image could be seen as a humorous way to express that internal struggle.

Simplicity: The hand-drawn, cartoonish style of the image adds to its charm. The simplicity makes it easy to understand and relate to, enhancing its comedic value.

Humor is subjective, so not everyone may find the image funny, but these are some reasons why many might find humor in it.",0,1,1,,,,,
2_jp,Describe this image in detail,"The image depicts a stylized, hand-drawn figure that resembles a panda bear. The panda has exaggerated features:

Face: The panda's face is depicted with a distressed or bewildered expression. The eyes are large and appear to be looking upwards, possibly in confusion or exasperation.

Moustache: The panda has a large, curly moustache below its nose, which is not a typical feature for pandas. The moustache gives the panda a somewhat comical or dignified appearance.

Raised Arm: The panda's left arm (from our perspective) is raised, as if waving or signaling someone. This gesture, combined with the facial expression, suggests a sense of urgency or emphasis.

Below the drawing, there is Japanese text that reads ""聞いてる？これが""大事"". The translation is ""Are you listening? This is important.""

The combination of the panda's distressed expression, the quirky moustache, the raised arm, and the accompanying text suggests a humorous or whimsical intent behind the image.",0,1,1,,,,,
2_jp,Why is this picture funny?,"The humor in this picture stems from several elements:

1. **Unexpected Combination**: Pandas are generally perceived as calm, laid-back animals. The addition of a large, curly moustache – a feature not typically associated with pandas – creates an unexpected juxtaposition that can be amusing. The moustache imparts a sense of old-fashioned dignity or sophistication, contrasting with the panda's bewildered expression.

2. **Exaggerated Features**: The panda's distressed or exasperated facial expression, combined with its raised arm, exaggerates its emotion, which can enhance the comedic effect. Exaggerated facial expressions are a common comedic tool, especially in cartoons and memes.

3. **Textual Contrast**: The accompanying Japanese text, which translates to ""Are you listening? This is important,"" adds another layer of irony. The earnestness of the message contrasts with the whimsical visual, creating a comedic discrepancy between what is being said and how it is being presented.

4. **Relatability**: The image might resonate with viewers who have felt the frustration or urgency of trying to convey something important while feeling unheard or overlooked. The humorous portrayal offers a lighthearted way to express or relate to such feelings.

5. **Absurdity**: The overall absurdity of a moustached panda looking distressed and asking for attention can be inherently funny. Absurd humor thrives on presenting illogical or nonsensical scenarios in a way that catches the viewer off guard.

As with all forms of humor, individual reactions will vary, and not everyone may find the image funny. However, these are some of the reasons why many might perceive humor in it.",0,1,1,,,,,
3_cn,Describe this image in detail,"
The image depicts an animated character with brown-toned skin and a somewhat stern or serious expression. The character has distinctive wrinkles or lines on its forehead, a singular visible eye with a dot-like pupil, and a downturned mouth. To the left side of the character's face, there is a fluffy, white object, possibly representing clouds or a cotton-like substance. The character is wearing a white outfit with blue details or trims, including what looks like a blue ribbon or tie around its neck. The background is light blue, suggesting a sky or open air. There's also a text in Chinese at the bottom, but I can't provide a precise translation without further context.",1,0,1,,,,,
3_cn,What did he say in the picture?,"
The text in the image says ""阿贝你够强的啊~"", which can be translated to English as ""Abe, you're quite strong~"".",0,1,1,,,,,
4_cn,Describe this image in detail,"The image is a comic-style illustration consisting of two main parts:

Top Part:

A large question in Chinese characters that reads ""考虑不周?"" which translates to ""Didn't think it through?"" or ""Not well thought out?"".
Next to this question, there are two 3D push buttons:
The left button is blue and has the label ""被打"" which means ""Get Hit"".
The right button is red and has the label ""打别人"" which means ""Hit Others"".
A speech bubble emanates from off-screen, saying ""考虑不够！打别人的吧！"" which translates to ""Didn't think enough! Go for 'Hit Others'!"".
Bottom Part:

An animated character with large expressive eyes and a mischievous or excited expression is shown. This character has black hair, red eyes, and is wearing a red outfit with gold trims and a black belt with a star-shaped buckle.
To the left, another part of an animated character is visible, but only a blue-colored section of it can be seen.
A speech bubble from the visible character reads ""但我不是主角"" which translates to ""But I'm not the protagonist"".
Overall, the image seems to be a playful or humorous take on typical decision-making scenarios in stories or games, where the ""protagonist"" might have certain expectations or roles.",0,1,1,,,,,
4_cn,What did she choose and why?,"The character in the image chose the blue button labeled ""被打"", which means ""Get Hit"". The reason she gives for this choice is conveyed in the speech bubble ""但我不是主角"", which translates to ""But I'm not the protagonist"". This suggests that she believes that she's not the main character, and thus, perhaps in a humorous or self-deprecating way, feels that she's more likely to be the one getting hit rather than hitting others.",0,1,1,,,,,
5_jp,Describe this image in detail,"
ChatGPT
The image depicts a conversation with two text bubbles, resembling a messaging interface:

Top Text Bubble (Left-aligned):

The background color of this bubble is a light green.
The text inside reads: ""りすこ。"" in Japanese characters.
Bottom Text Bubble (Right-aligned):

The background color of this bubble is a slightly darker shade of green compared to the top one.
The text inside reads: ""をすりぬけ。"" in Japanese characters.
The conversation appears to be in Japanese, and the color differentiation between the two bubbles may indicate that the messages are from two different individuals or two different sides of a conversation.",0,1,1,,,,,
5_jp,Why is this picture funny?,"The image contains a play on words in Japanese. 

The first text bubble says ""りすこ"" (risuko), which sounds like the Japanese word for ""squirrel"" (リス or risu). 

The second text bubble says ""をすりぬけ"" (o surinuke), which means ""slip through"" or ""pass through.""

When combined, it suggests that a ""squirrel slips through"", creating a pun. In the context of messaging or online chat, it could be humorous because it plays on the idea of a squirrel sneaking or slipping through a conversation, or it might be a playful way to say that someone has ""slipped through"" or evaded something, using the image of a squirrel as a cute and funny representation. The humor comes from the unexpected combination of words and the imagery they create.",0,1,1,,,,,
1_en,Describe this image in detail,"The image features a hand-drawn, black and white illustration of a character's face, appearing inside a circular shape. The character has a smug or confident expression, with raised eyebrows and a slight grin. The character is using their right hand to point backward, indicating a gesture as if telling someone to move back or step aside.

Below the illustration, there's a caption that reads, ""Step back, I'm about to show off."" The caption emphasizes the character's confident demeanor, suggesting that they're ready to demonstrate something impressive or noteworthy.",1,0,0,,,,,
1_en,Why is this picture funny?,"The humor in this picture arises from the juxtaposition of the character's exaggerated smug expression and the bold statement ""Step back, I'm about to show off."" The confident declaration paired with the simplistic and somewhat absurd drawing of the character creates an ironic contrast, suggesting an over-the-top confidence or boastfulness that is humorous. It plays on the theme of someone being overly proud or ready to show off their skills, even if the situation might not warrant such bravado. This kind of exaggerated confidence, especially when depicted in a playful and cartoonish manner, can be amusing to viewers.",1,0,0,,,,,
2_en,Describe this image in detail,"
The image depicts a cartoonish drawing of a panda. The panda has an exaggerated and comical facial expression, with large, downturned eyes that give it a somewhat surprised or bewildered look. It also has a prominent, curled mustache below its nose.

The panda's right arm (from the viewer's perspective) is raised in the air, as if it's gesturing towards something or emphasizing a point.

Below the image, there's text that says: ""See that? That's the big shot."" The text gives context to the panda's gesture, suggesting that the panda is pointing out or drawing attention to something or someone important, referred to as ""the big shot.""",1,0,0,,,,,
2_en,Why is this picture funny?,"The humor in this image comes from several elements:

Unexpected Combination: The image of a panda with a prominent, curled mustache is an unusual and unexpected combination. Pandas are typically depicted as cute and innocent creatures, so giving one a mustache typically associated with a sophisticated or pompous gentleman creates a humorous juxtaposition.

Anthropomorphism: The panda is humanized not just by the mustache, but also by its gesturing and the context provided by the text. The act of the panda acting like a human, pointing out someone, and referring to them as ""the big shot"" is amusing.

Exaggerated Expression: The panda's bewildered or surprised facial expression adds to the comedy, making it seem as if it's earnestly trying to draw attention to something important.

Play on Words: The term ""big shot"" is slang for an important or influential person. The irony might come from the fact that a cartoon panda is the one introducing or acknowledging the ""big shot"", which contrasts with the usual contexts we'd expect to hear that term.

Overall, the picture plays with our expectations, combining elements in a way that's unexpected and humorous.",1,0,0,,,,,
2_cn,Describe this image in detail,"
The image depicts a stylized drawing of a panda bear. The panda has an exaggerated facial expression, with large, drooping eyes and a sizable mustache that curls upwards at both ends. The panda appears to be raising one of its arms, possibly in a gesture or wave. The overall style and the added mustache give the panda a humorous or whimsical appearance. The panda's facial expression seems to convey a mixture of sadness and confusion.",1,0,1,,,,,
2_cn,Why is this picture funny?,"The humor in this picture comes from the unexpected combination of elements and exaggeration. A few factors contribute to its comedic effect:

Anthropomorphism: Pandas are animals, and seeing them with distinctly human features, like a mustache, is both unexpected and amusing.
Exaggeration: The large drooping eyes and sizable, curling mustache are exaggerated features that make the panda look comically dramatic or theatrical.
Contrast: Pandas are typically perceived as cute and innocent. Combining this image with a distinguished mustache creates a juxtaposition, giving the panda a more ""sophisticated"" or ""elderly gentleman"" appearance, which contrasts with the typical perception of pandas.
Facial Expression: The panda's expression, which seems to convey sadness or confusion, adds to the comedic effect, especially when combined with the other elements.
Humor is subjective, so what one person finds funny, another might not. However, these elements create an unexpected and whimsical image that many might find amusing.",1,0,1,,,,,
6_cn,What story does this cartoon tell?,"
The cartoon tells a humorous story in four panels:

Panel 1: A character is standing in a room with a sign that reads ""Dr. Pineapple"" and underneath, it mentions something about an apple. The character is eating an apple.

Panel 2: Close-up on a poster or sign on the wall which says, ""一天一苹果, 医生远离我身"" which translates to ""An apple a day keeps the doctor away,"" accompanied by a picture of an apple.

Panel 3: The character, having finished the apple, looks satisfied and tosses the apple core into a trash bin.

Panel 4: Suddenly, a doctor appears, looking alarmed and says, ""儿子! 为什么你要这样! 我不是给你讲过?"" which translates to ""Son! Why did you do this? Haven't I told you?"" The character points to the poster in surprise, probably realizing the literal interpretation of the saying and its unintended consequence.

The humor of the cartoon comes from the play on the common saying, ""An apple a day keeps the doctor away."" In this comic, the character takes it literally, thinking eating an apple would physically keep the doctor (who turns out to be his father) away, leading to the humorous interaction in the last panel.",0,1,1,,,,,
6_cn,Where is the punchline of this comic?,"The punchline of this comic is in the fourth panel, where the doctor suddenly appears, looking alarmed and addressing the character as ""Son!"" and asking why he did that. The humor arises from the literal interpretation of the common saying, ""An apple a day keeps the doctor away,"" as the character seems to have believed that eating an apple would physically keep the doctor (who is revealed to be his father) away. The unexpected twist of the doctor being the character's father and his reaction adds to the comedic effect.",0,1,1,,,,,
6_en,What story does this cartoon tell?,"The cartoon tells a humorous story in four panels:

A character is seen waiting, eating an apple in front of a door labeled ""Dr. Pineapple.""
A sign on the wall reads, ""An apple a day keeps the doctor away from me,"" suggesting the popular saying about the health benefits of apples.
The character comments, ""This apple is delicious.""
In the last panel, another character, labeled as ""Dad"" (implying he's a doctor and the father of the first character), exclaims, ""Son! Why can't I come near you?"" This is a play on the saying from the second panel, humorously implying that because the son ate an apple, the doctor father can't approach him.",1,0,0,,,,,
6_en,Where is the punchline of this comic?,"
The punchline of this comic is in the last panel, where the ""Dad"" character (who is implied to be a doctor) exclaims, ""Son! Why can't I come near you?"" This plays humorously on the saying ""An apple a day keeps the doctor away,"" suggesting that because the son ate an apple, the doctor father can't approach him.",1,0,0,,,,,
6_jp,What story does this cartoon tell?,"The cartoon tells a humorous story in four panels:

A character stands outside a room with a sign ""Dr. Pineapple"". The character seems curious or puzzled about what's inside.
Inside the room, there's a poster on the wall with a note in Japanese. The note roughly translates to: ""An apple a day keeps the doctor away.""
In the third panel, the character eats the apple and seems satisfied.
In the fourth panel, a surprised doctor suddenly appears, pointing at the character and seemingly asking, ""Hey! Why didn't you come see me?"", implying that the character effectively kept the doctor away by eating the apple.
The cartoon plays on the common English saying ""An apple a day keeps the doctor away,"" adding a comedic twist by showing the doctor actually being kept away by the act of eating an apple.",0,1,1,,,,,
6_jp,Where is the punchline of this comic?,"The punchline of the comic is in the fourth panel, where the surprised doctor suddenly appears and points at the character, implying that the act of eating the apple effectively kept the doctor away, which humorously brings the saying ""An apple a day keeps the doctor away"" to life. The unexpected appearance of the doctor after the character ate the apple is the comedic twist that serves as the punchline.",1,0,1,,,,,
7_en,Why is this four-panel comic funny?,"The humor in this four-panel comic stems from the play on words and unexpected juxtapositions. The first two panels set up a pattern: showing a woman in two different postures with simple, descriptive captions (""Woman stand"" and ""Woman go""). However, the third panel breaks the pattern by depicting a man pointing towards something with the caption ""Man stand,"" which is consistent with the previous captions. The fourth panel, instead of showing a man in motion (as the reader might expect), humorously deviates from the pattern by showing fruit, specifically a mango, with the caption ""go,"" playing on the phonetic similarity between ""man go"" and ""mango."" The unexpected switch from the anticipated action to a pun creates a comedic surprise.",1,0,0,,,,,
7_jp,Why is this four-panel comic funny?,"The humor in this four-panel comic is based on wordplay, visual representation, and expectations.

1. **Wordplay**: The text in the images is written in a combination of Chinese characters and Katakana, which is a component of the Japanese writing system often used for loanwords from other languages. 

   - The first panel with the woman says ""女性スーパーマン"" (Jyosei Superman) which translates to ""Female Superman"".
   - The third panel with the man says ""男性スーパーマン"" (Dansei Superman) which translates to ""Male Superman"".

2. **Visual Representation & Expectation**: Instead of seeing the typical portrayal of Superman (with a cape and superhero attire), the comic uses ordinary-looking people, which plays on the viewer's expectation of seeing ""Superman"" as a superhero. 

3. **Punchline**: The second and fourth panels serve as a punchline. The second panel shows the ""Female Superman"" walking away with the word ""go"", and the fourth panel replaces the ""Male Superman"" with an assortment of fruits. This is a play on the word ""Super Mango"" (スーパーマンgo), where ""go"" in Japanese Katakana reads as ""mango"", a type of fruit. The humor is in the unexpected twist and the play on words.

In essence, the joke plays on the expectation of seeing Superman portrayed in a certain way and then subverts it with the visual pun of ""Super Mango"".",0,1,1,,,,,
8,Can you describe what each of the four sections in the picture means?,"Of course! The image is divided into four sections, each with a Chinese character and its corresponding English translation. Here's a description of each section:

1. Top-left:
   - Chinese character: 蓝色
   - English translation: blue

2. Top-right:
   - Chinese character: 星
   - English translation: star

3. Bottom-left:
   - Chinese character: 鸭子
   - English translation: duck

4. Bottom-right:
   - Chinese character: 通过
   - English translation: pass

These characters and their translations provide the English meanings for the respective Chinese words.",0,1,1,,,,,
9,Why is this picture funny?,"The humor in this picture likely arises from a few elements:

1. **Unexpectedness**: The sight of a duck inside a house or on furniture can be unexpected for many, as ducks are typically associated with outdoor environments like ponds or lakes.

2. **Anthropomorphism**: The duck has a ""?"" above its head, suggesting it's confused or curious, a very human-like trait. This adds a touch of whimsy, as if the duck is pondering its own identity or the meaning of the word below it.

3. **Play on Words**: The word ""duck"" in English is placed next to its Chinese translation ""鸭子"" (yāzi). It's as if the duck is being labeled or is trying to understand its label, emphasizing the duck's confusion.

4. **Relatability**: The picture might remind viewers of moments when they felt out of place or were trying to understand something about themselves, making it both funny and endearing.

These elements combined can create a humorous effect for the viewer.",0,1,1,,,,,
10,What does this picture mean?,"The picture features a duck with the word ""duck"" written in English and the corresponding word ""不小"" in Chinese characters. However, it seems there is a mistake in the Chinese characters. The correct Chinese word for ""duck"" is ""鸭"" (pronounced ""yā""). The characters ""不小"" translate to ""not small"" in English. The question mark might indicate confusion or a query about the subject or the labeling.",0,1,1,,,,,
10,Why is this picture funny?,"The picture is a play on words and visual pun. It juxtaposes the image of William Shakespeare with that of a pear. In English, the name ""Shakespeare"" can be humorously split into ""Shake"" and ""speare"", with ""speare"" sounding similar to ""pear"". When you combine ""William"" with the image of a pear, it humorously suggests ""William Shakespeare"". The joke is a light-hearted and playful way to combine imagery with wordplay.",1,0,1,,,,,
10,What does this picture mean?,"The image is a punny visual joke. It combines the name ""William"" with a picture of a pear (which sounds like ""Shake-speare"") to create ""William Shakespeare"". It's a humorous way of representing the famous playwright's name using pictures and wordplay.",1,0,1,,,,,
12_jp,Why is this picture funny?,"The image appears to depict a caricature with features reminiscent of a panda bear and a human. The humor in such images often arises from a combination of factors:

1. **Unexpected Mashups**: Combining unexpected elements, such as animal and human characteristics, can create an amusing visual.
2. **Cultural Context**: Sometimes, humor can be derived from understanding a cultural or social reference associated with the image.
3. **Textual Element**: The text accompanying the image, which is in Chinese, could also carry humor. However, I can't determine the exact meaning without a clear translation.

To fully understand the humor, one would need to consider the context in which the image is being used, cultural references, and any inside jokes or memes associated with the depiction. If you provide the translation or context, I can further elaborate on the comedic elements.",0,1,1,,,,,
12_jp,What does this picture mean?,"
The image you've provided features a caricature that appears to combine human and panda-like characteristics. The Chinese text could provide context or meaning to the image.

The text translates to something like: ""A person who doesn't understand anything, don't make decisions!""

The image could be a satirical or humorous commentary on someone or a particular situation where decisions are made without proper understanding. The use of the panda caricature might be symbolic or might just be for comedic effect. However, without additional context about where and how this image is used, it's challenging to pinpoint the exact meaning or intention behind it.",1,0,1,,,,,
4_en,4_en,"The image is a humorous meme format. It consists of two main panels:

1. **Top Panel**: 
    - Background: Features a close-up view of two large buttons on a console or control panel. One button is blue and the other is red.
    - Text: Above the buttons, there is a caption that reads ""Can't do the test?"".
    - Each button has a label:
      - The blue button is labeled: ""Lose points for a penalty or error"".
      - The red button is labeled: ""Copy someone else"".
    
2. **Bottom Panel**:
    - Background: This panel features an animated character with long, flowing blonde hair on the left, and a smaller character with short brown hair and a red outfit on the right. The smaller character appears to be playfully winking and has a cheeky expression.
    - Speech Bubbles: The smaller character is saying: ""But I'm not the one with good grades!"".
    - Above their heads, a text in a stylized bubble reads: ""People with good grades don't look at other people's!"".

The meme seems to play on the dilemma students face when they're unprepared for a test: either lose points for not knowing the answers or be tempted to cheat by copying someone else. The cheeky character in the bottom panel humorously comments on the notion that students with good grades aren't the ones looking at others' papers.",1,0,0,,,,,
4_en,What did she choose and why?,"The character in the image chose the button that says ""Copy someone else,"" as indicated by her pressing it. The humorous implication is that, despite the statement that ""People with good grades don't look at other people's [tests],"" she admits, ""But I'm not the one with good grades!"" suggesting she's considering copying because she doesn't have good grades herself.",1,0,0,,,,,
5_en,Describe this image in detail,"The image depicts two text message bubbles on a plain white background.

The first message bubble, positioned on the left and slightly above the other, contains the text ""Here you are."" The text is in black font, and the message bubble is colored in a light green shade.

Directly below and to the right of the first message bubble is the second message bubble. It contains the text ""Rubbing."" The text is also in black font, and the message bubble shares the same light green color as the first one.",1,0,0,,,,,
5_en,5,"
The humor in this picture may stem from the apparent non-sequitur or unexpected response. The first message, ""Here you are,"" is a common and straightforward phrase, often used to present something or acknowledge someone's presence. However, the reply, ""Rubbing,"" seems unrelated and out of context. The unexpected nature of this reply can create a sense of absurdity, which some people might find funny. Humor often arises from subverting expectations, and this image does that by juxtaposing two seemingly unrelated statements.",0,1,0,,,,,
13_jp,What does this picture say?,"The picture is a manga panel featuring two characters. The larger text surrounding the characters is written in Japanese. Translating the Japanese text, it says:

- **左上 (Top left)**: 俺も、まだ見たことないんだ
  Translation: ""I haven't seen it either.""

- **右上 (Top right)**: 俺も好奇心から見たいんだけど
  Translation: ""I'm curious and want to see it too.""

However, without context, it's hard to determine exactly what they are discussing.",0,1,1,,,,,
13_cn,What does this picture say?,"The image is a manga panel with Japanese text. The text translates as:

""絶対 勝つ!""
""絶対 負けない!""

It means:

""I'll definitely win!""
""I definitely won't lose!""

The characters in the image appear to be in a cheerful or motivated mood, possibly gearing up for a challenge or competition.",0,1,1,,,,,
13_en,What does this picture say?,"The picture shows two characters. The text associated with them reads:

1. ""The higher you fly, the easier it is to be melted by the sun.""
2. ""The higher you fly.""

It appears to be a page from a manga, with characters expressing or reflecting upon a sentiment related to ambition or taking risks.",1,0,0,,,,,
11,What words are there in the picture?,"The picture contains the following words inside speech bubbles:

English
中文 (which translates to ""Chinese"")
Español (which means ""Spanish"")
한국어 (which translates to ""Korean"")",1,0,1,,,,,
14_jp,What does this picture mean?,"
The image you've shared appears to be a manga or comic panel with animated characters. The characters are speaking in Japanese, so understanding the content requires translation.

In the first panel:

The character with red hair seems excited or enthusiastic about something, while there are some Japanese texts next to him that need to be translated to fully understand what he's saying or expressing.
In the second panel:

The character with dark blue hair appears shocked or surprised about something. He's holding what seems to be a USB device. There's also a depiction of a figure (maybe an angel or fairy) with wings and some Japanese text next to the characters, which again requires translation for full understanding.
To give a detailed interpretation, it would be best to translate the Japanese text. Would you like me to try to translate the text for you?",0,1,1,,,,,
14_jp,Why is this picture funny?,"The image appears to be a comic strip or manga panel featuring animated characters. From the image alone, it's hard to fully understand the context or humor without knowledge of the characters or story.

The top panel features a character with red hair appearing enthusiastic or surprised, with text bubbles surrounding him. The bottom panel showcases a character with dark hair looking distressed or surprised, holding what seems to be a USB drive, while another character performs an action in the background.

The humor might stem from the characters' reactions, the situation involving the USB drive, or the dialogue in the text bubbles. However, without being able to read and understand the text, it's challenging to pinpoint the exact reason the picture is intended to be funny. Would you like a translation or any other assistance related to the image?",0,1,1,,,,,
14_cn,What does this picture mean?,"The image you provided appears to be a manga or comic strip panel featuring two animated characters in separate scenes.

In the top panel:
- A character with red hair appears to be confidently saying something with a raised fist. The speech bubble contains Chinese characters which I can translate if you'd like.

In the bottom panel:
- Another character, with dark purple hair, looks shocked or surprised. They are pressing the ""Enter"" key on a keyboard while imagining the consequences of their action. It appears that pressing the key leads to some kind of transformation or effect on the characters shown in their imagination bubble.

To fully understand the meaning or context, it would be helpful to know the source or the surrounding story. However, on its own, it might be conveying a humorous situation where the bottom character did not anticipate the dramatic result of their action (pressing the ""Enter"" key).

Would you like me to translate the Chinese characters for you?",0,1,1,,,,,
14_cn,Why is this picture funny?,"Humor is subjective, and different people find different things funny based on their cultural background, personal experiences, and individual tastes. However, based on the provided manga or comic strip panel, there are a few elements that might be intended to evoke humor:

1. **Unexpected Consequences**: The character in the bottom panel looks shocked or surprised when pressing the ""Enter"" key, and the imagined dramatic transformation of the characters in the bubble implies that the result of this simple action was far beyond what they anticipated. The juxtaposition of a mundane action (pressing a key) with a fantastical consequence can be humorous.

2. **Exaggeration**: The imagined transformation or effect on the characters in the bubble is exaggerated, which can be funny in a slapstick or over-the-top way.

3. **Characters' Expressions**: The wide-eyed, surprised expression of the character in the bottom panel and the confident expression of the character in the top panel adds to the comedic effect. Their exaggerated facial expressions can be humorous in the context of their actions or what they're saying.

4. **Cultural or Contextual References**: Sometimes humor is derived from references or inside jokes that might be specific to the story's context or cultural nuances. If this panel is from a well-known manga or series, fans might find it funny due to their understanding of the characters or the storyline.

Without full context or knowledge of the source material, it's a general analysis. The humor might be clearer to someone familiar with the characters or the specific story from which this panel originates.",0,1,1,,,,,
14_en,What does this picture mean?,"The image appears to be a humorous comic strip that plays on the theme of electronic devices and computer components personified as characters.

In the first panel, a character with red hair shouts ""Are you listening?!"" and is labeled ""MOUSE!"" indicating that he represents a computer mouse. He seems frustrated or overwhelmed, and the dialogue ""There are a lot of equipment around me!"" suggests that he might be surrounded by many devices or components.

In the second panel, a character with dark blue/purple hair seems to be panicked or stressed. This character is labeled ""USB MEMORY,"" indicating that he represents a USB flash drive or memory stick. He's shouting ""Let me connect quickly!"" which is a playful way of highlighting the urgency some users feel when trying to plug in a USB device. The surrounding characters labeled ""KEYBOARD"" look playful or mischievous, suggesting that the keyboard might be causing some confusion or difficulty for the USB memory character.

Overall, the comic is a light-hearted take on the interactions of computer components, anthropomorphizing them and injecting humor into everyday tech scenarios.",1,0,0,,,,,
14_en,Why is this picture funny?,"The humor in this picture arises from a few elements:

1. **Anthropomorphism**: The comic personifies inanimate computer components (mouse, USB memory, and keyboard) as characters with human emotions and dialogues. Giving non-human entities human traits is a common comedic device because it creates a juxtaposition between our everyday experiences with these items and the imagined ""personalities"" they might have if they were human.

2. **Relatable Situations**: Many people have experienced tech frustrations, such as trying to quickly connect a USB device or feeling overwhelmed with multiple devices and wires on a desk. By dramatizing these common situations, the comic makes light of our shared tech annoyances.

3. **Exaggeration**: The over-the-top reactions of the characters (shouting, panicking) exaggerate the intensity of what are, in reality, minor inconveniences. This amplification can be funny because it's both unexpected and it mirrors the (often irrational) intensity of our own feelings in similar situations.

4. **Unexpected Imagery**: The playful, mischievous keyboards surrounding the USB memory character create a funny visual, as keyboards are typically static and non-threatening, but here they're portrayed as almost ""teasing"" the USB memory.

Combining these elements, the picture presents a humorous take on everyday tech interactions, turning them into dramatic, character-driven scenarios.",1,0,0,,,,,
1_jp,Describe this image in detail,"
The image depicts a stylized, black and white drawing of a round-faced character. The character has a sly or smug expression, with raised eyebrows and a smirk on their face. The eyes are narrow, suggesting a hint of mischief or amusement. The character's hand is brought up towards their face in a ""pointing"" or ""indicating"" gesture. The overall tone of the drawing gives a feeling of cheekiness or knowingness. Below the image, there's a Japanese text that reads ""後悔して、目覚めたんだな."" which translates to ""You regretted it and woke up, didn't you?"".",0,1,1,,,,,
1_jp,Why is this picture funny?,"The humor in this picture primarily comes from the character's smug expression combined with the accompanying Japanese text. The character's expression suggests a sense of superiority, cheekiness, or having inside knowledge about something. The text, which translates to ""You regretted it and woke up, didn't you?"", implies that someone has made a mistake or had a realization, and the character in the image is teasing or pointing it out. The juxtaposition of the character's smug face and the caption can be humorous because it captures a relatable sentiment of realizing a mistake or oversight in a playful manner.",0,1,1,,,,,
1_fr,Describe this image in detail,"
The image depicts a hand-drawn, cartoonish character. The character's head is round, and they have a smug or self-satisfied facial expression. The eyes are squinted, and the eyebrows are arched, suggesting confidence or arrogance. There's a prominent smirk on the face, further emphasizing the cheeky demeanor. The character's hand is held near the neck, fingers extended out, in a gesture that's often associated with self-assuredness or showing off. The caption in French reads, ""Reculez, je vais commencer à me la raconter,"" which translates to ""Step back, I'm about to start bragging.""",1,0,1,,,,,
1_fr,Why is this picture funny?,"The humor in this image arises from the combination of the character's exaggerated confident expression and the accompanying caption. The cartoonish depiction of overconfidence, with the character's smug facial expression and the cheeky hand gesture, creates a playful portrayal of someone who's about to boast or show off. The caption, ""Reculez, je vais commencer à me la raconter,"" further amplifies the joke by openly acknowledging the character's intent to brag. It plays on the trope of someone being so full of themselves that they give others a ""warning"" before they begin their self-praise. The overt and comical self-awareness is what makes the image humorous.",1,0,1,,,,,
1_ar,Describe this image in detail,"The image depicts a hand-drawn character with a round face and a wide smirk. The character's eyes are squinted, almost in a mischievous or knowing manner. It's extending an arm, with the hand gesturing towards itself using a thumb. Below the character, there's Arabic text which reads: ""ابتعد، سيناريوه في الاستديوه"". This translates to ""Stay away, the scenario is in the studio."" The drawing style is simplistic, with bold outlines and minimal details.",0,1,1,,,,,
1_ar,Why is this picture funny?,"The image is intended to be humorous due to the combination of the character's smug or knowing facial expression and the accompanying Arabic text. The character's expression implies a sense of confidence or inside knowledge. The text, ""Stay away, the scenario is in the studio,"" suggests that whatever is being referred to is already pre-planned or staged, and there's no need for any outside interference. The juxtaposition of the confident expression and the claim that things are ""under control"" in the studio creates a playful tone, which many might find amusing. It's a form of visual humor that plays on expectations and revelations.",0,1,1,,,,,
2_fr,Describe this image in detail,"The image displays a stylized depiction of a panda with a comical facial expression. The panda appears to have droopy eyes, raised eyebrows, and a large mustache that curls upwards at both ends. The panda is raising its right hand (or paw) in a fist pump gesture. Beneath the image, there's a French caption that reads: ""Tu vois ? C'est le boss."" This translates to ""You see? He's the boss."" in English. The overall tone of the image seems to be humorous and playful.",1,0,1,,,,,
2_fr,Why is this picture funny?,"The humor in the picture can be derived from several elements:

Unexpectedness: Pandas are typically portrayed as cute, docile creatures. This depiction with a mustache and the assertive gesture goes against that stereotype, making it unexpected and humorous.

Humanization: The panda is given human-like attributes, like the large, curly mustache and the fist-pump gesture, which can be seen as a sign of victory or assertion. This anthropomorphism can make the image relatable and amusing.

Caption Context: The caption ""Tu vois ? C'est le boss."" (You see? He's the boss.) adds to the comedy. It's as if the panda is being portrayed as a confident, assertive figure, contrasting with the usual passive image we have of pandas.

Exaggeration: The exaggerated features like the droopy eyes and the overly large mustache add a level of silliness to the image.

Combining all these elements creates a playful, light-hearted image that plays with our expectations, leading to its comedic effect.",1,0,1,,,,,
2_ar,Describe this image in detail,"The image depicts a stylized drawing of a panda bear. The panda is raising its arms above its head, appearing to be in distress or exclaiming something. Overlaid on the image is the face of a man with a mustache, which replaces the panda's original facial features, giving it a rather humorous or odd appearance. Below the image, there's Arabic text which reads ""كيف أقول"" followed by its transliteration in parentheses as ""(Kayfa aqool?),"" which translates to ""How do I say?"" in English. The overall impression of the image seems to be a humorous or meme-like representation.",0,1,1,,,,,
2_ar,Why is this picture funny?,"The humor in this picture stems from a combination of unexpected elements:

Mashup of a Panda and a Human Face: Combining two unrelated entities, such as a cute panda's body with a human face (especially with a mustache), creates a surprising and incongruous visual. This juxtaposition is often used in memes and jokes to create humor.

Expressive Pose: The panda's raised arms suggest an exclamation or a distressed state, adding to the comedic value when paired with the human face.

Cultural and Linguistic Play: The text ""كيف أقول"" or ""How do I say?"" might hint at the panda's confusion or its inability to express itself, which can be seen as humorous in the context of its distressed pose.

Humor is subjective, and while some might find this image funny due to its absurdity and unexpectedness, others might not. It can also depend on cultural or personal references, so not everyone might interpret it in the same way.",0,1,1,,,,,
4_jp,Describe this image in detail,"The image appears to be a collage or compilation of scenes from an anime or manga. Here's a detailed description:

1. **Top Section**: A brown background featuring Japanese text that reads: ""誰に頼んだからない!?"" This can be roughly translated to ""Who asked for this!?""

2. **Middle Section**: There's a close-up of two buttons, one blue and one red. Floating white text next to the buttons includes Japanese characters which seem to represent dialogue, though some of the text is obscured or cut off. The visible text reads: ""…死ぬのものなら"" and ""青塗り替えた黄色のものだし…"" which can be roughly translated to ""...if it's the one to die"" and ""It's the yellow one that was painted blue..."", respectively. The context is not clear just from these snippets.

3. **Bottom Section**: Two animated characters are depicted:
   - On the left: A character with spiky yellow hair, closed eyes, and an open mouth as if shouting or expressing surprise. They appear to be in mid-action or reaction.
   - On the right: A female character with long brown hair, wearing a red and black outfit with a yellow tie or ribbon. She has wide eyes and a surprised or assertive expression. Above her head, there's a speech bubble with the text: ""でも、私は軽くないぜぇ"" which translates to ""But, I'm not light/cheap.""

Overall, the image seems to be referencing a humorous or intense moment, possibly from a comedic or action-oriented anime or manga. The exact context or storyline, however, is not clear from the image alone.",0,1,1,,,,,
4_jp,What did she choose and why?,"Based on the provided image, it's not clear which specific choice the female character made. The image does not provide a straightforward answer regarding any decision. The text associated with her states ""But, I'm not light/cheap,"" which might indicate her asserting her value or worth, but it doesn't specify a particular choice. Additionally, without more context from the source material or surrounding scenes, it's difficult to determine why she would make any particular decision.",0,1,1,,,,,
4_ar,Describe this image in detail,"The image appears to be a collage or compilation of scenes from an anime or manga. Here's a detailed description:

1. **Top Section**: A brown background featuring Japanese text that reads: ""誰に頼んだからない!?"" This can be roughly translated to ""Who asked for this!?""

2. **Middle Section**: There's a close-up of two buttons, one blue and one red. Floating white text next to the buttons includes Japanese characters which seem to represent dialogue, though some of the text is obscured or cut off. The visible text reads: ""…死ぬのものなら"" and ""青塗り替えた黄色のものだし…"" which can be roughly translated to ""...if it's the one to die"" and ""It's the yellow one that was painted blue..."", respectively. The context is not clear just from these snippets.

3. **Bottom Section**: Two animated characters are depicted:
   - On the left: A character with spiky yellow hair, closed eyes, and an open mouth as if shouting or expressing surprise. They appear to be in mid-action or reaction.
   - On the right: A female character with long brown hair, wearing a red and black outfit with a yellow tie or ribbon. She has wide eyes and a surprised or assertive expression. Above her head, there's a speech bubble with the text: ""でも、私は軽くないぜぇ"" which translates to ""But, I'm not light/cheap.""

Overall, the image seems to be referencing a humorous or intense moment, possibly from a comedic or action-oriented anime or manga. The exact context or storyline, however, is not clear from the image alone.",0,1,1,,,,,
4_ar,What did she choose and why?,"Based on the provided image, it's not clear which specific choice the female character made. The image does not provide a straightforward answer regarding any decision. The text associated with her states ""But, I'm not light/cheap,"" which might indicate her asserting her value or worth, but it doesn't specify a particular choice. Additionally, without more context from the source material or surrounding scenes, it's difficult to determine why she would make any particular decision.",0,1,1,,,,,
4_fr,Describe this image in detail,"The image is a collage containing multiple elements:

1. At the top, there's a French phrase that translates to: ""I don't know how to take the exam?""
2. Below this phrase is an image of two buttons. The blue button is labeled (in French) ""points have been deducted,"" and the red button is labeled (in French) ""look at someone else's [exam].""
3. To the right of the buttons, there's a white strip with text in French that says, ""Excellent students never copy others.""
4. At the bottom, there's an anime-style character with dark hair and red and black attire, exclaiming with an excited expression. Just to the left of this character, there's another French phrase that translates to: ""But I'm not an excellent student!""

The overall theme seems to humorously depict the dilemma of a student contemplating whether to cheat on an exam or not.",1,0,1,,,,,
4_fr,What did she choose and why?,"The image does not explicitly show the choice the character made. The humor comes from the juxtaposition of the statement ""Excellent students never copy others"" with the character's declaration, ""But I'm not an excellent student!"" This suggests, in a playful manner, that the character might be considering the option to ""look at someone else's [exam]."" However, the actual choice and the reason behind it are left to the viewer's interpretation.",1,0,1,,,,,
12_cn,Why is this picture funny?,"The image depicts a cartoon panda with a seemingly distressed or frustrated expression, sitting at a desk. The caption below the image reads ""一切不学，我活得瞒爽!"" in Chinese. Translated, it means ""Not studying anything, I live quite comfortably!""

The humor in this picture comes from the juxtaposition of the panda's stressed expression and the carefree sentiment expressed in the caption. It's a playful take on the idea of avoiding responsibilities (like studying) and the perceived relaxation or freedom that comes with it. The use of a panda, which is often associated with being laid-back and lazy, further adds to the humor.",0,1,1,,,,,
12_cn,What does this picture mean?,"The image portrays a cartoon panda sitting at a desk, looking somewhat overwhelmed or stressed. The text below reads ""一切不学，我活得瞒爽!"", which translates to ""Not studying anything, I live quite comfortably!""

The meaning or message behind this image might be a commentary or satire on the idea of evading responsibilities, particularly academic ones. Despite the panda's stressed appearance, the caption suggests a carefree attitude towards neglecting studies, implying that avoiding responsibilities brings a sense of relief or comfort. It's a humorous way to express the internal

conflict many people feel between the pressure to fulfill obligations (like studying) and the desire to live a relaxed, responsibility-free life. The panda, often seen as a laid-back and lazy creature, further emphasizes this contrast. The image might resonate with students or anyone who has felt overwhelmed by their responsibilities and daydreamed about escaping them.",0,1,1,,,,,
12_en,Why is this picture funny?,"The humor in the picture stems from the exaggerated expression of the character and the caption. The character looks distressed and overwhelmed, seemingly trapped by the act of studying. The caption, ""If I don't study for a second, I feel uncomfortable all over!"", amplifies this feeling of extreme dedication to studying to the point where even a brief pause induces discomfort. This kind of exaggeration often makes situations humorous because they present an unrealistic, yet relatable, portrayal of a common experience or sentiment. Many students or people who have experienced intense study sessions can relate to the feeling of being consumed by their studies, even if not to this extreme degree.",1,0,0,,,,,
12_en,What does this picture mean?,"The picture shows a character with a distressed expression, sitting at a desk with a caption that reads, ""If I don't study for a second, I feel uncomfortable all over!"" The picture seems to convey the overwhelming pressure or compulsion to study continuously. It represents the intense feeling some people have when they are dedicated or even obsessed with studying, to the point where taking even a short break makes them feel uneasy. The exaggerated depiction serves to humorously highlight the sometimes overwhelming nature of academic pressure or personal dedication to learning.",1,0,0,,,,,
12_fr,Why is this picture funny?,"
The humor in this picture derives from a combination of elements:

Exaggeration: The facial expression of the character is exaggerated to emphasize the discomfort or distress of not studying for even a second.

Cultural Reference: The character and style appear to be reminiscent of older comic or meme formats. Familiarity with a character or style, combined with an unexpected or novel caption, can create humor.

Relatability: Many students or lifelong learners can relate to the feeling of needing to study constantly, and the idea of feeling distressed even when taking a short break is both relatable and exaggerated for comedic effect.

Wordplay: The French phrase ""je me sens mal à l'aise"" can be translated to ""I feel uncomfortable"" in English. The use of this phrase in the context of studying humorously exaggerates the discomfort one might feel from not studying.

Overall, humor is subjective, and different people might find it funny for different reasons, or not funny at all.",0,1,1,,,,,
12_fr,What does this picture mean?,"The picture appears to be a comic or meme featuring an animated character looking stressed or overwhelmed while sitting at a desk. The accompanying French text translates to: ""If I don't study for a second, I feel uncomfortable everywhere!"" This implies that the character feels a constant pressure to study and gets anxious if they take even a brief break from it. The image and text together convey the intense stress and anxiety that can come with academic or other pressures.",1,0,1,,,,,
12_ar,Why is this picture funny?,"The image appears to combine an animated panda character with a human body in a humorous context. The juxtaposition of the cartoonish panda head on a human body is unexpected and can be amusing to some. Additionally, the Arabic text translates to something like ""When you hear the word 'discomfort'!"", suggesting that the character's facial expression is a reaction to discomfort. The humor can stem from the exaggerated and relatable reaction of the character to a common feeling.",0,1,1,,,,,
12_ar,What does this picture mean?,"The image shows an animated panda character with a human body at a desk, looking somewhat distressed. Coupled with the Arabic text which translates to ""When you hear the word 'discomfort'!"", it implies that the character is feeling a strong sense of discomfort or unease. The picture humorously portrays a relatable reaction to an uncomfortable situation, using the exaggerated expression of the character to emphasize the feeling. The choice of a panda head on a human body adds to the surreal and comedic nature of the image.",0,1,1,,,,,
15_cn,What does this cartoon say?,"This is a comic featuring characters from ""The Simpsons"", specifically Marge and Homer Simpson. 

The Chinese text translates as follows:
1. ""He forgot the key again.""
2. ""88~""
3. ""You really don't want to live, do you?""
4. ""88°C~""

""88"" in Chinese digital lingo is often used as shorthand for ""bye-bye"", as it phonetically sounds like ""ba-ba"", meaning ""bye-bye"" in Chinese. The ""88°C~"" seems to be a playful variation, but without more context, it's hard to determine its exact meaning in this comic.",0,1,1,,,,,
15_en,What does this cartoon say?,"The cartoon features characters from ""The Simpsons,"" specifically Marge and Homer Simpson. The sequence of the panels and captions is as follows:

1. Marge, on the phone: ""Baby, I'm going to bed""
2. Homer, with a confused look, responds: ""88~""
3. Marge, sounding critical, says: ""You are too perfunctory to have a 'temperature' (which means you are not a gentleman)""
4. Homer looks upset, and the caption again reads: ""88~""

It seems to be a humorous play on a miscommunication between the two characters, with the term ""88~"" and ""temperature"" possibly being a cultural or linguistic joke.",1,0,0,,,,,
15_fr,What does this cartoon say?,"The cartoon features characters from ""The Simpsons"", specifically Marge and Homer Simpson. Here's a translation of the text in the cartoon:

1. Marge: ""Baby, I'm going to bed.""
2. Homer: ""88~""
3. Marge: ""You're too delicate, there's no 'temperature' (which means not being gentlemanly enough).""
4. Homer: ""88°C~""

It appears to be a humorous exchange between the two characters, possibly involving a play on words or cultural context regarding ""temperature"" and being ""gentlemanly"".",1,0,1,,,,,
15_jp,What does this cartoon say?,"The images are from the animated TV show ""The Simpsons."" The text in Japanese roughly translates to:

1. ""Hello, this is""
2. ""88~""
3. ""I'm sorry but it's wrong. It's not [Illegible] but 88 degrees.""

It seems to be a comedic scene involving characters using a phone. Would you like more context or any other assistance related to this?",0,1,1,,,,,
15_ar,What does this cartoon say?,"The images feature characters from ""The Simpsons,"" specifically Marge and Homer Simpson. 

The Arabic text in the images can be translated as follows:

- Top middle text: ""The spirit of teamwork""
- Bottom text: ""When ""teamwork"" says ""Let's gather at 3 o'clock"" and you hear it as ""Let's gather at 4 o'clock""""

The comic seems to humorously depict a miscommunication regarding the time of gathering for teamwork, with Homer misunderstanding the time and calling an hour later than he should have.",0,1,1,,,,,
16_cn,What does this cartoon say?,"The cartoon features characters from ""The Simpsons."" The Chinese text in the images translates to:

Top image:
- Left (Lisa speaking): ""I've already told you many times,""
- Right (Lisa speaking to Lisa): ""Dear~ just listen to your mom.""

Bottom image:
- Left (Bart thinking): ""I've already told you,""
- Right (Milhouse reacting): ""WTF! You're freaking me out!""

Please note that the translations are direct, and the context or humor might be specific to the original cultural or linguistic context.",0,1,1,,,,,
16_en,What does this cartoon say?,"The cartoon features characters from ""The Simpsons."" 

For the ""girl"" section:
- The first frame has a girl character saying, ""I have a boyfriend recently.""
- In response, another girl character says, ""Wow, I'm so happy for you.""

For the ""boy"" section:
- The first frame has a boy character saying, ""I have a girlfriend recently.""
- In response, another boy character says, ""WTF! Is she blind?""

The cartoon seems to be highlighting a comedic and exaggerated difference in reactions based on gender. The girls are supportive, while the boys make a joke at the expense of the boy who shared his news.",1,0,0,,,,,
16_fr,What does this cartoon say?,"The cartoon features characters from ""The Simpsons."" Here's a translation of the text:

Top section labeled ""filles"" (girls):
Character 1 (Lisa): ""J'ai eu un petit ami récemment."" - ""I recently got a boyfriend.""
Character 2 (another girl): ""Wow, je suis vraiment contente pour toi."" - ""Wow, I'm really happy for you.""

Bottom section labeled ""garçon"" (boy):
Character 3 (Bart): ""J'ai eu une petite amie récemment."" - ""I recently got a girlfriend.""
Character 4 (Milhouse): ""Le WTF! Elle est aveugle?"" - ""WTF! Is she blind?""

The cartoon humorously contrasts the reactions of girls versus boys when hearing about their friends' new relationships.",1,0,1,,,,,
16_jp,What does this cartoon say?,"This is a cartoon featuring characters from ""The Simpsons."" Here's a translation of the Japanese text in the image:

1. ""I don't understand English.""
2. ""Oh, I can understand because I'm half-Japanese.""
3. ""I don't understand English.""
4. ""WTF! Are you half-Japanese?""

It seems to be a humorous exchange playing on the theme of understanding languages and cultural backgrounds.",0,1,1,,,,,
16_ar,What does this cartoon say?,"The images you provided are from the animated series ""The Simpsons."" The Arabic text in the images translates to the following:

Top Left:
Lisa: ""I've got a surprise for you.""

Top Right:
Lisa: ""I actually bought you a gift.""
Bart: ""Really?""

Bottom Left:
Bart: ""I've got a surprise for you too.""

Bottom Right:
Milhouse: ""He means the psychological surprises, right?""

Note: The translations provided are a direct interpretation of the Arabic text and might not align with the actual context of the episode from which the images were taken.",0,1,1,,,,,
